{"cameraMode":{"drawMode":0,"name":"Shaded","section":"Shading Mode"},"sceneLighting":true,"audioPlay":false,"sceneViewState":{"showFog":true,"showMaterialUpdate":false,"showSkybox":true,"showFlares":true,"showImageEffects":true,"showParticleSystems":true},"in2DMode":false,"pivot":{"x":58.88856506347656,"y":1.0725698471069337,"z":-38.13385772705078},"rotation":{"x":0.19948823750019074,"y":0.4319436550140381,"z":-0.0985877737402916,"w":0.8740193843841553},"size":65.0962142944336,"orthographic":true}