{"cameraMode":{"drawMode":0,"name":"Shaded","section":"Shading Mode"},"sceneLighting":false,"audioPlay":false,"sceneViewState":{"showFog":true,"showMaterialUpdate":false,"showSkybox":false,"showFlares":true,"showImageEffects":true,"showParticleSystems":true},"in2DMode":false,"pivot":{"x":-12.55000114440918,"y":0.12499970197677612,"z":-0.4750022888183594},"rotation":{"x":-0.15356481075286866,"y":0.24045565724372865,"z":0.03855755925178528,"w":0.9576628804206848},"size":101.75206756591797,"orthographic":true}