{"cameraMode":{"drawMode":0,"name":"Shaded","section":"Shading Mode"},"sceneLighting":false,"audioPlay":false,"sceneViewState":{"showFog":true,"showMaterialUpdate":false,"showSkybox":false,"showFlares":true,"showImageEffects":true,"showParticleSystems":true},"in2DMode":false,"pivot":{"x":0.0000036656856536865236,"y":1.1137275695800782,"z":1.0899999141693116},"rotation":{"x":0.16740219295024873,"y":-0.5597890615463257,"z":0.11669579893350601,"w":0.8031404614448547},"size":4.491114616394043,"orthographic":true}