{"cameraMode":{"drawMode":0,"name":"Shaded","section":"Shading Mode"},"sceneLighting":false,"audioPlay":false,"sceneViewState":{"showFog":true,"showMaterialUpdate":false,"showSkybox":false,"showFlares":true,"showImageEffects":true,"showParticleSystems":true},"in2DMode":false,"pivot":{"x":-0.05000000819563866,"y":0.5000025629997253,"z":-0.49999985098838808},"rotation":{"x":0.1479422152042389,"y":0.7150377631187439,"z":-0.1591140329837799,"w":0.6645376086235046},"size":0.7088741064071655,"orthographic":true}