{"cameraMode":{"drawMode":0,"name":"Shaded","section":"Shading Mode"},"sceneLighting":false,"audioPlay":false,"sceneViewState":{"showFog":true,"showMaterialUpdate":false,"showSkybox":false,"showFlares":true,"showImageEffects":true,"showParticleSystems":true},"in2DMode":false,"pivot":{"x":-0.0390000194311142,"y":0.3410000205039978,"z":0.029000014066696168},"rotation":{"x":0.06950951367616654,"y":0.767413318157196,"z":-0.08433426916599274,"w":0.6318442225456238},"size":0.39950722455978396,"orthographic":true}