{"cameraMode":{"drawMode":0,"name":"Shaded","section":"Shading Mode"},"sceneLighting":false,"audioPlay":false,"sceneViewState":{"showFog":true,"showMaterialUpdate":false,"showSkybox":false,"showFlares":true,"showImageEffects":true,"showParticleSystems":true},"in2DMode":false,"pivot":{"x":0.00029049813747406006,"y":0.023027360439300538,"z":0.005406266078352928},"rotation":{"x":0.14793245494365693,"y":-0.14014288783073426,"z":0.02119298093020916,"w":0.9788085222244263},"size":0.09472043067216873,"orthographic":true}