{"cameraMode":{"drawMode":0,"name":"Shaded","section":"Shading Mode"},"sceneLighting":false,"audioPlay":false,"sceneViewState":{"showFog":true,"showMaterialUpdate":false,"showSkybox":false,"showFlares":true,"showImageEffects":true,"showParticleSystems":true},"in2DMode":false,"pivot":{"x":0.004051685333251953,"y":2.9914207458496095,"z":0.0},"rotation":{"x":0.0308879055082798,"y":-0.3010904788970947,"z":0.009756393730640412,"w":0.9530507922172546},"size":0.8417273759841919,"orthographic":true}