{"cameraMode":{"drawMode":0,"name":"Shaded","section":"Shading Mode"},"sceneLighting":true,"audioPlay":false,"sceneViewState":{"showFog":true,"showMaterialUpdate":false,"showSkybox":false,"showFlares":true,"showImageEffects":true,"showParticleSystems":true},"in2DMode":false,"pivot":{"x":-9.551916122436524,"y":3.9099984169006349,"z":-92.72855377197266},"rotation":{"x":-0.23000475764274598,"y":-0.05805683881044388,"z":0.013738268055021763,"w":-0.9713705778121948},"size":21.82383918762207,"orthographic":true}