{"cameraMode":{"drawMode":0,"name":"Shaded","section":"Shading Mode"},"sceneLighting":false,"audioPlay":false,"sceneViewState":{"showFog":true,"showMaterialUpdate":false,"showSkybox":false,"showFlares":true,"showImageEffects":true,"showParticleSystems":true},"in2DMode":false,"pivot":{"x":-1.1920928955078126e-7,"y":0.014491863548755646,"z":-3.8743019104003908e-7},"rotation":{"x":0.14793245494365693,"y":-0.14014288783073426,"z":0.02119298093020916,"w":0.9788085222244263},"size":0.5701004862785339,"orthographic":true}