{"cameraMode":{"drawMode":0,"name":"Shaded","section":"Shading Mode"},"sceneLighting":true,"audioPlay":false,"sceneViewState":{"showFog":true,"showMaterialUpdate":false,"showSkybox":true,"showFlares":true,"showImageEffects":true,"showParticleSystems":true},"in2DMode":false,"pivot":{"x":58.88856506347656,"y":1.0725698471069337,"z":-38.13385772705078},"rotation":{"x":0.21748216450214387,"y":0.23308302462100984,"z":-0.053567320108413699,"w":0.9463110566139221},"size":65.0962142944336,"orthographic":true}