{"cameraMode":{"drawMode":0,"name":"Shaded","section":"Shading Mode"},"sceneLighting":false,"audioPlay":false,"sceneViewState":{"showFog":true,"showMaterialUpdate":false,"showSkybox":false,"showFlares":true,"showImageEffects":true,"showParticleSystems":true},"in2DMode":false,"pivot":{"x":-8.046626476243546e-7,"y":0.5000056624412537,"z":0.4875493049621582},"rotation":{"x":0.29152968525886538,"y":-0.6645172238349915,"z":0.31733542680740359,"w":0.6105446815490723},"size":0.6983616948127747,"orthographic":true}