{"cameraMode":{"drawMode":0,"name":"Shaded","section":"Shading Mode"},"sceneLighting":false,"audioPlay":false,"sceneViewState":{"showFog":true,"showMaterialUpdate":false,"showSkybox":false,"showFlares":true,"showImageEffects":true,"showParticleSystems":true},"in2DMode":false,"pivot":{"x":-0.0073326826095581059,"y":0.4999997913837433,"z":-0.004533857107162476},"rotation":{"x":0.2443360686302185,"y":-0.7072067856788635,"z":0.2894766330718994,"w":0.5969936847686768},"size":0.7074645757675171,"orthographic":true}