{"cameraMode":{"drawMode":0,"name":"Shaded","section":"Shading Mode"},"sceneLighting":false,"audioPlay":false,"sceneViewState":{"showFog":true,"showMaterialUpdate":false,"showSkybox":false,"showFlares":true,"showImageEffects":true,"showParticleSystems":true},"in2DMode":false,"pivot":{"x":8.940696716308594e-8,"y":1.033555507659912,"z":-1.3060002326965333},"rotation":{"x":0.16740219295024873,"y":-0.5597890615463257,"z":0.11669579893350601,"w":0.8031404614448547},"size":4.318547248840332,"orthographic":true}