{"cameraMode":{"drawMode":0,"name":"Shaded","section":"Shading Mode"},"sceneLighting":false,"audioPlay":false,"sceneViewState":{"showFog":true,"showMaterialUpdate":false,"showSkybox":false,"showFlares":true,"showImageEffects":true,"showParticleSystems":true},"in2DMode":false,"pivot":{"x":0.0026955604553222658,"y":0.480636864900589,"z":-0.0045965611934661869},"rotation":{"x":0.14793245494365693,"y":-0.14014288783073426,"z":0.02119298093020916,"w":0.9788085222244263},"size":0.7536059617996216,"orthographic":true}