{"cameraMode":{"drawMode":0,"name":"Shaded","section":"Shading Mode"},"sceneLighting":false,"audioPlay":false,"sceneViewState":{"showFog":true,"showMaterialUpdate":false,"showSkybox":false,"showFlares":true,"showImageEffects":true,"showParticleSystems":true},"in2DMode":false,"pivot":{"x":4.70076847076416,"y":8.927204132080079,"z":-2.079226493835449},"rotation":{"x":0.11785472929477692,"y":0.8753584623336792,"z":-0.2678893208503723,"w":0.3849487006664276},"size":11.394658088684082,"orthographic":true}