{"cameraMode":{"drawMode":0,"name":"Shaded","section":"Shading Mode"},"sceneLighting":false,"audioPlay":false,"sceneViewState":{"showFog":true,"showMaterialUpdate":false,"showSkybox":false,"showFlares":true,"showImageEffects":true,"showParticleSystems":true},"in2DMode":false,"pivot":{"x":0.0,"y":3.7849984169006349,"z":-2.165999174118042},"rotation":{"x":-0.15347906947135926,"y":-0.11238798499107361,"z":-0.017575453966856004,"w":0.9815879464149475},"size":1.2394171953201295,"orthographic":true}