{"cameraMode":{"drawMode":0,"name":"Shaded","section":"Shading Mode"},"sceneLighting":false,"audioPlay":false,"sceneViewState":{"showFog":true,"showMaterialUpdate":false,"showSkybox":false,"showFlares":true,"showImageEffects":true,"showParticleSystems":true},"in2DMode":false,"pivot":{"x":0.0,"y":0.009891211986541748,"z":-0.0000011548399925231934},"rotation":{"x":0.14793245494365693,"y":-0.14014288783073426,"z":0.02119298093020916,"w":0.9788085222244263},"size":0.3411194384098053,"orthographic":true}