{"cameraMode":{"drawMode":0,"name":"Shaded","section":"Shading Mode"},"sceneLighting":false,"audioPlay":false,"sceneViewState":{"showFog":true,"showMaterialUpdate":false,"showSkybox":false,"showFlares":true,"showImageEffects":true,"showParticleSystems":true},"in2DMode":false,"pivot":{"x":-0.0000820457935333252,"y":0.9705519080162048,"z":-0.7776001691818237},"rotation":{"x":0.16740219295024873,"y":-0.5597890615463257,"z":0.11669579893350601,"w":0.8031404614448547},"size":2.7298038005828859,"orthographic":true}