{"cameraMode":{"drawMode":0,"name":"Shaded","section":"Shading Mode"},"sceneLighting":false,"audioPlay":false,"sceneViewState":{"showFog":true,"showMaterialUpdate":false,"showSkybox":false,"showFlares":true,"showImageEffects":true,"showParticleSystems":true},"in2DMode":false,"pivot":{"x":29.093242645263673,"y":18.51472282409668,"z":24.629453659057618},"rotation":{"x":-0.4441184401512146,"y":-0.03197239339351654,"z":0.015854546800255777,"w":-0.8952673673629761},"size":37.991668701171878,"orthographic":true}