{"cameraMode":{"drawMode":0,"name":"Shaded","section":"Shading Mode"},"sceneLighting":false,"audioPlay":false,"sceneViewState":{"showFog":true,"showMaterialUpdate":false,"showSkybox":false,"showFlares":true,"showImageEffects":true,"showParticleSystems":true},"in2DMode":false,"pivot":{"x":0.4005712866783142,"y":2.42104434967041,"z":-5.675400257110596},"rotation":{"x":0.16740219295024873,"y":-0.5597890615463257,"z":0.11669579893350601,"w":0.8031404614448547},"size":6.790518760681152,"orthographic":true}